prompt,output,timestamp
provide me a python code for binary search,"Binary search is a searching algorithm that finds an element in a sorted array. It works by repeatedly dividing the range of elements to be searched in half until the desired element is found or the range is empty. Here is a Python implementation of the binary search algorithm:
```
def binary_search(arr, x):
    low = 0
    high = len(arr) - 1
    while low <= high:
        mid = (low + high) // 2
        if arr[mid] == x:
            return mid
        elif arr[mid] < x:
            low = mid + 1
        else:
            high = mid - 1
    return -1
```
Here, `arr` is the sorted array of integers and `x` is the element to be searched. The function returns the index of the element in the array if it exists, or `-1` otherwise.

For example, if we have an array `arr = [1, 2, 3, 4, 5, 6]` and we want to find the index of the element `x = 4`, the function would return `2`. If the element does not exist in the array, the function returns `-1`.

Note that this implementation assumes that the array is sorted in ascending order. If the array is sorted in descending order, you can modify the code accordingly.

Also, it's worth noting that there are other ways to implement binary search in Python, such as using recursion or a generator expression. However, the above implementation should be sufficient for most use cases.",2026-01-07 15:37:11.449378
